,Id,Movie,Genre_Ids,Overview,Year,Popularity,Vote_Average,Vote_Count,Poster
0,761053,Gabriel's Inferno Part III,[],The final part of the film adaption of the erotic romance novel Gabriel's Inferno written by an anonymous Canadian author under the pen name Sylvain Reynard.,2020-11-19,42.139,9.2,468,/qtX2Fg9MTmrbgN1UUvGoCsImTM8.jpg
1,724089,Gabriel's Inferno Part II,[10749],"Professor Gabriel Emerson finally learns the truth about Julia Mitchell's identity, but his realization comes a moment too late. Julia is done waiting for the well-respected Dante specialist to remember her and wants nothing more to do with him. Can Gabriel win back her heart before she finds love in another's arms?",2020-07-31,8.618,8.9,1026,/pci1ArYW7oJ2eyTo2NMYEKHHiCP.jpg
2,696374,Gabriel's Inferno,[10749],"An intriguing and sinful exploration of seduction, forbidden love, and redemption, Gabriel's Inferno is a captivating and wildly passionate tale of one man's escape from his own personal hell as he tries to earn the impossible--forgiveness and love.",2020-05-29,12.631,8.8,1685,/oyG9TL7FcRP4EZ9Vid6uKzwdndz.jpg
3,278,The Shawshank Redemption,"[18, 80]","Framed in the 1940s for the double murder of his wife and her lover, upstanding banker Andy Dufresne begins a new life at the Shawshank prison, where he puts his accounting skills to work for an amoral warden. During his long stretch in prison, Dufresne comes to be admired by the other inmates -- including an older prisoner named Red -- for his integrity and unquenchable sense of hope.",1994-09-23,37.602,8.7,17676,/q6y0Go1tsGEsmtFryDOJo3dEmqu.jpg
4,238,The Godfather,"[18, 80]","Spanning the years 1945 to 1955, a chronicle of the fictional Italian-American Corleone crime family. When organized crime family patriarch, Vito Corleone barely survives an attempt on his life, his youngest son, Michael steps in to take care of the would-be killers, launching a campaign of bloody revenge.",1972-03-14,47.786,8.7,13363,/3bhkrj58Vtu7enYsRolD1fZdja1.jpg
5,19404,Dilwale Dulhania Le Jayenge,"[35, 18, 10749]","Raj is a rich, carefree, happy-go-lucky second generation NRI. Simran is the daughter of Chaudhary Baldev Singh, who in spite of being an NRI is very strict about adherence to Indian values. Simran has left for India to be married to her childhood fiancé. Raj leaves for India with a mission at his hands, to claim his lady love under the noses of her whole family. Thus begins a saga.",1995-10-20,12.6,8.7,2445,/2CAL2433ZeIihfX1Hb2139CX0pW.jpg
6,644479,Dedicated to my ex,"[35, 18]","The film tells the story of Ariel, a 21-year-old who decides to form a rock band to compete for a prize of ten thousand dollars in a musical band contest, this as a last option when trying to get money to save their relationship and reunite with his ex-girlfriend, which breaks due to the trip she must make to Finland for an internship. Ariel with her friend Ortega, decides to make a casting to find the other members of the band, although they do not know nothing about music, thus forming a band with members that have diverse and opposite personalities.",2019-11-01,18.284,8.6,268,/riAooJrFvVhotyaOgoI0WR7okSe.jpg
7,424,Schindler's List,"[18, 36, 10752]",The true story of how businessman Oskar Schindler saved over a thousand Jewish lives from the Nazis while they worked as slaves in his factory during World War II.,1993-11-30,29.421,8.6,10655,/c8Ass7acuOe4za6DhSattE359gr.jpg
8,372058,Your Name.,"[10749, 16, 18]","High schoolers Mitsuha and Taki are complete strangers living separate lives. But one night, they suddenly switch places. Mitsuha wakes up in Taki’s body, and he in hers. This bizarre occurrence continues to happen randomly, and the two must adjust their lives around each other.",2016-08-26,114.464,8.6,6748,/q719jXXEzOoYaps6babgKnONONX.jpg
9,240,The Godfather: Part II,"[18, 80]","In the continuing saga of the Corleone crime family, a young Vito Corleone grows up in Sicily and in 1910s New York. In the 1950s, Michael Corleone attempts to expand the family business into Las Vegas, Hollywood and Cuba.",1974-12-20,35.156,8.6,7945,/hek3koDUyRQk7FIhPXsa6mT2Zc3.jpg
10,129,Spirited Away,"[16, 10751, 14]","A young girl, Chihiro, becomes trapped in a strange new world of spirits. When her parents undergo a mysterious transformation, she must call upon the courage she never knew she had to free her family.",2001-07-20,60.828,8.5,10519,/2TeJfUZMGolfDdW6DKhfIWqvq8y.jpg
11,496243,Parasite,"[35, 53, 18]","All unemployed, Ki-taek's family takes peculiar interest in the wealthy and glamorous Parks for their livelihood until they get entangled in an unexpected incident.",2019-05-30,110.998,8.5,9929,/7IiTTgloJzvGI1TAYymCfbfl3vT.jpg
12,497,The Green Mile,"[14, 18, 80]","A supernatural tale set on death row in a Southern prison, where gentle giant John Coffey possesses the mysterious power to heal people's ailments. When the cell block's head guard, Paul Edgecomb, recognizes Coffey's miraculous gift, he tries desperately to help stave off the condemned man's execution.",1999-12-10,34.433,8.5,11339,/velWPhVMQeQKcxggNEU8YmIo52R.jpg
13,592350,My Hero Academia: Heroes Rising,"[16, 28, 35, 14, 12]","Class 1-A visits Nabu Island where they finally get to do some real hero work. The place is so peaceful that it's more like a vacation … until they're attacked by a villain with an unfathomable Quirk! His power is eerily familiar, and it looks like Shigaraki had a hand in the plan. But with All Might retired and citizens' lives on the line, there's no time for questions. Deku and his friends are the next generation of heroes, and they're the island's only hope.",2019-12-20,341.79,8.5,503,/zGVbrulkupqpbwgiNedkJPyQum4.jpg
14,680,Pulp Fiction,"[53, 80]","A burger-loving hit man, his philosophical partner, a drug-addled gangster's moll and a washed-up boxer converge in this sprawling, comedic crime caper. Their adventures unfurl in three stories that ingeniously trip back and forth in time.",1994-09-10,44.833,8.5,20026,/dRZpdpKLgN9nk57zggJCs1TjJb4.jpg
15,637,Life Is Beautiful,"[35, 18]",A touching story of an Italian book seller of Jewish ancestry who lives in his own little fairy tale. His creative and happy life would come to an abrupt halt when his entire family is deported to a concentration camp during World War II. While locked up he tries to convince his son that the whole thing is just a game.,1997-12-20,36.875,8.5,9545,/74hLDKjD5aGYOotO6esUVaeISa2.jpg
16,122,The Lord of the Rings: The Return of the King,"[12, 14, 28]","Aragorn is revealed as the heir to the ancient kings as he, Gandalf and the other members of the broken fellowship struggle to save Gondor from Sauron's forces. Meanwhile, Frodo and Sam take the ring closer to the heart of Mordor, the dark lord's realm.",2003-12-01,79.693,8.5,16677,/rCzpDGLbOoPwLjy3OAm5NUPOTrC.jpg
17,630566,Clouds,"[10402, 18, 10749]","Young musician Zach Sobiech discovers his cancer has spread, leaving him just a few months to live. With limited time, he follows his dream and makes an album, unaware that it will soon be a viral music phenomenon.",2020-10-09,139.771,8.5,445,/2YvT3pdGngzpbAuxamTz4ZlabnT.jpg
18,13,Forrest Gump,"[35, 18, 10749]","A man with a low IQ has accomplished great things in his life and been present during significant historic events—in each case, far exceeding what anyone imagined he could do. But despite all he has achieved, his one true love eludes him.",1994-07-06,45.817,8.5,19377,/h5J4W4veyxMXDMjeNxZI46TsHOb.jpg
19,556574,Hamilton,"[36, 10402, 18]","Presenting the tale of American founding father Alexander Hamilton, this filmed version of the original Broadway smash hit is the story of America then, told by America now.",2020-07-03,28.181,8.5,521,/h1B7tW0t399VDjAcWJh8m87469b.jpg
20,155,The Dark Knight,"[18, 28, 80, 53]","Batman raises the stakes in his war on crime. With the help of Lt. Jim Gordon and District Attorney Harvey Dent, Batman sets out to dismantle the remaining criminal organizations that plague the streets. The partnership proves to be effective, but they soon find themselves prey to a reign of chaos unleashed by a rising criminal mastermind known to the terrified citizens of Gotham as the Joker.",2008-07-16,62.076,8.5,23831,/qJ2tW6WMUDux911r6m7haRef0WH.jpg
21,389,12 Angry Men,[18],"The defense and the prosecution have rested and the jury is filing into the jury room to decide if a young Spanish-American is guilty or innocent of murdering his father. What begins as an open and shut case soon becomes a mini-drama of each of the jurors' prejudices and preconceptions about the trial, the accused, and each other.",1957-04-10,19.387,8.5,5142,/ppd84D2i9W8jXmsyInGyihiSyqz.jpg
22,311,Once Upon a Time in America,"[18, 80]","A former Prohibition-era Jewish gangster returns to the Lower East Side of Manhattan over thirty years later, where he once again must confront the ghosts and regrets of his old life.",1984-05-23,102.983,8.5,3312,/r31djHVfrGqOhTan4ov6HTCA7lr.jpg
23,42269,We All Loved Each Other So Much,"[35, 18]","Gianni, Nicola and Antonio become close friends in 1944 while fighting the Nazis. After the end of the war, full of illusions, they settle down. The movie is a the story of the life of these three idealists and how they deal with the inevitable disillusionments of life.",1974-12-21,6.432,8.5,289,/zGGWYpiKNwjpKxelPxOMqJnUgDs.jpg
24,11216,Cinema Paradiso,"[18, 10749]","A filmmaker recalls his childhood, when he fell in love with the movies at his village's theater and formed a deep friendship with the theater's projectionist.",1988-11-17,19.391,8.4,2636,/8SRUfRUi6x4O68n0VCbDNRa6iGL.jpg
25,769,GoodFellas,"[18, 80]","The true story of Henry Hill, a half-Irish, half-Sicilian Brooklyn kid who is adopted by neighbourhood gangsters at an early age and climbs the ranks of a Mafia family under the guidance of Jimmy Conway.",1990-09-12,26.791,8.4,8234,/6QMSLvU5ziIL2T6VrkaKzN2YkxK.jpg
26,429,"The Good, the Bad and the Ugly",[37],"While the Civil War rages between the Union and the Confederacy, three men – a quiet loner, a ruthless hit man and a Mexican bandit – comb the American Southwest in search of a strongbox containing $200,000 in stolen gold.",1966-12-23,31.96,8.4,5504,/eWivEg4ugIMAd7d4uWI37b17Cgj.jpg
27,537061,Steven Universe: The Movie,"[16, 12, 35, 10751, 14, 10402, 28, 18]","Two years after the events of ""Change Your Mind"", Steven (now 16 years old) and his friends are ready to enjoy the rest of their lives peacefully. However, all of that changes when a new sinister Gem arrives, armed with a giant drill that saps the life force of all living things on Earth. In their biggest challenge ever, the Crystal Gems must work together to save all organic life on Earth within 48 hours.",2019-09-02,87.122,8.4,514,/8mRgpubxHqnqvENK4Bei30xMDvy.jpg
28,346,Seven Samurai,"[28, 18]","A samurai answers a village's request for protection after he falls on hard times. The town needs protection from bandits, so the samurai gathers six others to help him teach the people how to defend themselves, and the villagers provide the soldiers with food. A giant battle occurs when 40 bandits attack the village.",1954-04-26,23.847,8.4,2109,/1wCRVLGI7SoTOoDRzWlbt2dMDuy.jpg
29,664767,Mortal Kombat Legends: Scorpion's Revenge,"[14, 28, 12, 16]","After the vicious slaughter of his family by stone-cold mercenary Sub-Zero, Hanzo Hasashi is exiled to the torturous Netherrealm. There, in exchange for his servitude to the sinister Quan Chi, he’s given a chance to avenge his family – and is resurrected as Scorpion, a lost soul bent on revenge. Back on Earthrealm, Lord Raiden gathers a team of elite warriors – Shaolin monk Liu Kang, Special Forces officer Sonya Blade and action star Johnny Cage – an unlikely band of heroes with one chance to save humanity. To do this, they must defeat Shang Tsung’s horde of Outworld gladiators and reign over the Mortal Kombat tournament.",2020-04-12,240.825,8.4,679,/4VlXER3FImHeFuUjBShFamhIp9M.jpg
30,539,Psycho,"[27, 18, 53]","When larcenous real estate clerk Marion Crane goes on the lam with a wad of cash and hopes of starting a new life, she ends up at the notorious Bates Motel, where manager Norman Bates cares for his housebound mother.",1960-06-22,28.109,8.4,6862,/nR4LD4ZJg2n6LZQpcOrLFdMq0cD.jpg
31,522924,The Art of Racing in the Rain,"[35, 18, 10749]","A family dog—with a near-human soul and a philosopher's mind—evaluates his life through the lessons learned by his human owner, a race-car driver.",2019-08-08,32.241,8.4,682,/mi5VN4ww0JZgRFJIaPxxTGKjUg7.jpg
32,598,City of God,"[18, 80]","Buscapé was raised in a very violent environment. Despite the feeling that all odds were against him, he finds out that life can be seen with other eyes...",2002-02-05,25.195,8.4,4697,/k7eYdWvhYQyRQoU2TB2A2Xu2TfD.jpg
33,550,Fight Club,[18],"A ticking-time-bomb insomniac and a slippery soap salesman channel primal male aggression into a shocking new form of therapy. Their concept catches on, with underground ""fight clubs"" forming in every town, until an eccentric gets in the way and ignites an out-of-control spiral toward oblivion.",1999-10-15,39.142,8.4,20560,/bptfVGEQuv6vDTIMVCHjJ9Dz8PX.jpg
34,510,One Flew Over the Cuckoo's Nest,[18],"While serving time for insanity at a state mental hospital, implacable rabble-rouser, Randle Patrick McMurphy, inspires his fellow patients to rebel against the authoritarian rule of head nurse, Mildred Ratched.",1975-11-18,21.205,8.4,7257,/3jcbDmRFiQ83drXNOvRDeKHxS0C.jpg
35,324857,Spider-Man: Into the Spider-Verse,"[28, 12, 16, 878, 35]","Miles Morales is juggling his life between being a high school student and being a spider-man. When Wilson ""Kingpin"" Fisk uses a super collider, others from across the Spider-Verse are transported to this dimension.",2018-12-06,163.612,8.4,8510,/iiZZdoQBEYBv6id8su7ImL0oCbD.jpg
36,618344,Justice League Dark: Apokolips War,"[16, 28, 12, 14, 878]","Earth is decimated after intergalactic tyrant Darkseid has devastated the Justice League in a poorly executed war by the DC Super Heroes. Now the remaining bastions of good – the Justice League, Teen Titans, Suicide Squad and assorted others – must regroup, strategize and take the war to Darkseid in order to save the planet and its surviving inhabitants.",2020-05-05,83.229,8.4,820,/c01Y4suApJ1Wic2xLmaq1QYcfoZ.jpg
37,40096,A Dog's Will,"[12, 35]","The lively Jack the Cricket and the sly Chicó are poor guys living in the hinterland who cheat a bunch of people in a small in Northeastern Brazil. When they die, they have to be judged by Christ, the Devil and the Virgin Mary before they are admitted to paradise.",2000-09-15,9.544,8.4,682,/m8eFedsS7vQCZCS8WGp5n1bVD0q.jpg
38,4935,Howl's Moving Castle,"[14, 16, 12]","When Sophie, a shy young woman, is cursed with an old body by a spiteful witch, her only chance of breaking the spell lies with a self-indulgent yet insecure young wizard and his companions in his legged, walking castle.",2004-11-19,42.341,8.4,5834,/TkTPELv4kC3u1lkloush8skOjE.jpg
39,12477,Grave of the Fireflies,"[16, 18, 10752]","In the final months of World War II, 14-year-old Seita and his sister Setsuko are orphaned when their mother is killed during an air raid in Kobe, Japan. After a falling out with their aunt, they move into an abandoned bomb shelter. With no surviving relatives and their emergency rations depleted, Seita and Setsuko struggle to survive.",1988-04-16,0.6,8.4,3175,/wcNkHDbyc290hcWk7KXbBZUuXpq.jpg
40,914,The Great Dictator,[35],Dictator Adenoid Hynkel tries to expand his empire while a poor Jewish barber tries to avoid persecution from Hynkel's regime.,1940-10-23,18.337,8.4,2109,/1QpO9wo7JWecZ4NiBuu625FiY1j.jpg
41,599,Sunset Boulevard,[18],A hack screenwriter writes a screenplay for a former silent film star who has faded into Hollywood obscurity.,1950-08-10,17.311,8.4,1537,/zt8aQ6ksqK6p1AopC5zVTDS9pKT.jpg
42,244786,Whiplash,"[18, 10402]","Under the direction of a ruthless instructor, a talented young drummer begins to pursue perfection at any cost, even his humanity.",2014-10-10,42.458,8.4,10403,/utcy2Cxp0BzbsjbuAmiC6EBpUyx.jpg
43,640344,Me contro Te: Il film - La vendetta del Signor S,"[35, 10751]","Luì and Sofì fight the terrible Signor S once again, this time he will be revealed to the public!!!",2020-01-17,7.011,8.4,380,/sfeQTIRkJjWt8IPDSBcPqkrcaas.jpg
44,1891,The Empire Strikes Back,"[12, 28, 878]","The epic saga continues as Luke Skywalker, in hopes of defeating the evil Galactic Empire, learns the ways of the Jedi from aging master Yoda. But Darth Vader is more determined than ever to capture Luke. Meanwhile, rebel leader Princess Leia, cocky Han Solo, Chewbacca, and droids C-3PO and R2-D2 are thrown into various stages of capture, betrayal and despair.",1980-05-20,35.059,8.4,12273,/7BuH8itoSrLExs2YZSsM01Qk2no.jpg
45,73,American History X,[18],"Derek Vineyard is paroled after serving 3 years in prison for killing two African-American men. Through his brother, Danny Vineyard's narration, we learn that before going to prison, Derek was a skinhead and the leader of a violent white supremacist gang that committed acts of racial crime throughout L.A. and his actions greatly influenced Danny. Reformed and fresh out of prison, Derek severs contact with the gang and becomes determined to keep Danny from going down the same violent path as he did.",1998-10-30,19.965,8.4,8099,/c2gsmSQ2Cqv8zosqKOCwRS0GFBS.jpg
46,378064,A Silent Voice,"[16, 18, 10749]","Shouya Ishida starts bullying the new girl in class, Shouko Nishimiya, because she is deaf. But as the teasing continues, the rest of the class starts to turn on Shouya for his lack of compassion. When they leave elementary school, Shouko and Shouya do not speak to each other again... until an older, wiser Shouya, tormented by his past behaviour, decides he must see Shouko once more. He wants to atone for his sins, but is it already too late...?",2016-09-17,69.084,8.4,1995,/drlyoSKDOPnxzJFrRWGqzDsyJvR.jpg
47,423,The Pianist,"[18, 10752]","The true story of pianist Władysław Szpilman's experiences in Warsaw during the Nazi occupation. When the Jews of the city find themselves forced into a ghetto, Szpilman finds work playing in a café; and when his family is deported in 1942, he stays behind, works for a while as a laborer, and eventually goes into hiding in the ruins of the war-torn city.",2002-09-17,28.433,8.4,5838,/3DzePKMbLMIM636S6syCy3cLPqj.jpg
48,18491,Neon Genesis Evangelion: The End of Evangelion,"[18, 878, 16, 14, 28]","The second of two theatrically released follow-ups to the Neon Genesis Evangelion series. Comprising of two alternate episodes which were first intended to take the place of episodes 25 and 26, this finale answers many of the questions surrounding the series, while also opening up some new possibilities.",1997-07-19,26.209,8.4,653,/m9PTii0XWCIKZBBrCrOn8RLTK0w.jpg
49,3782,Ikiru,[18],"Kanji Watanabe is a middle-aged man who has worked in the same monotonous bureaucratic position for decades. Learning he has cancer, he starts to look for the meaning of his life.",1952-10-09,12.559,8.4,599,/dgNTS4EQDDVfkzJI5msKuHu2Ei3.jpg
50,14537,Harakiri,"[28, 18, 36]",An unusual request for ritual suicide on a feudal lord's property leads to the unwinding of a greater mystery that challenges the clan's integrity.,1962-09-15,12.693,8.4,426,/fRqVjso3rdEcxZHXWE2xazDAtjI.jpg
51,567,Rear Window,"[53, 9648, 18]",A wheelchair-bound photographer spies on his neighbors from his apartment window and becomes convinced one of them has committed murder.,1954-09-01,21.458,8.4,4112,/qitnZcLP7C9DLRuPpmvZ7GiEjJN.jpg
52,128,Princess Mononoke,"[12, 14, 16]","Ashitaka, a prince of the disappearing Emishi people, is cursed by a demonized boar god and must journey to the west to find a cure. Along the way, he encounters San, a young human woman fighting to protect the forest, and Lady Eboshi, who is trying to destroy it. Ashitaka must find a way to bring balance to this conflict.",1997-07-12,33.288,8.4,5200,/pdtzEreKvKAlqa2YEBaGwiA45V8.jpg
53,901,City Lights,"[35, 18, 10749]","In this sound-era silent film, a tramp falls in love with a beautiful blind flower seller.",1931-02-01,16.036,8.3,1290,/bXNvzjULc9jrOVhGfjcc64uKZmZ.jpg
54,452522,Twin Peaks,"[80, 18, 9648, 10770]","An idiosyncratic FBI agent investigates the murder of a young woman in the even more idiosyncratic town of Twin Peaks. (This standalone version of the series pilot was produced for the European VHS market and has an alternate, closed ending.)",1990-04-08,11.384,8.3,428,/2Fb8neVxZtCIXwbJ9DOk6Ra29mV.jpg
55,120,The Lord of the Rings: The Fellowship of the Ring,"[12, 14, 28]","Young hobbit Frodo Baggins, after inheriting a mysterious ring from his uncle Bilbo, must leave his home in order to keep it from falling into the hands of its evil creator. Along the way, a fellowship is formed to protect the ringbearer and make sure that the ring arrives at its final destination: Mt. Doom, the only place where it can be destroyed.",2001-12-18,139.226,8.3,18122,/6oom5QYQ2yQTMJIbnvbkBL9cHo6.jpg
56,12493,High and Low,"[80, 18, 9648, 53]",An executive of a shoe company becomes a victim of extortion when his chauffeur's son is kidnapped and held for ransom.,1963-03-01,10.789,8.3,379,/tgNjemQPG96uIezpiUiXFcer5ga.jpg
57,975,Paths of Glory,"[18, 10752]",A commanding officer defends three scapegoats on trial for a failed offensive that occurred within the French Army in 1916.,1957-09-18,15.087,8.3,1715,/aAol0HgMU4HOqAeb1ebIGFJyk7L.jpg
58,476292,Maquia: When the Promised Flower Blooms,"[16, 14, 10749, 18]","A story of encounters and partings interwoven between people; this is a human drama with feelings that touch one's heart gradually, which everyone has experienced at least once.",2018-02-24,59.605,8.3,295,/hL3NqRE2ccR4Y2sYSJTrmalRjrz.jpg
59,27205,Inception,"[28, 878, 12]","Cobb, a skilled thief who commits corporate espionage by infiltrating the subconscious of his targets is offered a chance to regain his old life as payment for a task considered to be impossible: ""inception"", the implantation of another person's idea into a target's subconscious.",2010-07-15,46.628,8.3,27767,/9gk7adHYeDvHkCSEqAvQNLV5Uge.jpg
60,527641,Five Feet Apart,"[10749, 18]","Seventeen-year-old Stella spends most of her time in the hospital as a cystic fibrosis patient. Her life is full of routines, boundaries and self-control — all of which get put to the test when she meets Will, an impossibly charming teen who has the same illness. There's an instant flirtation, though restrictions dictate that they must maintain a safe distance between them. As their connection intensifies, so does the temptation to throw the rules out the window and embrace that attraction.",2019-03-15,52.433,8.3,3660,/kreTuJBkUjVWePRfhHZuYfhNE1T.jpg
61,207,Dead Poets Society,[18],"At an elite, old-fashioned boarding school in New England, a passionate English teacher inspires his students to rebel against convention and seize the potential of every day, courting the disdain of the stern headmaster.",1989-06-02,27.085,8.3,7607,/ai40gM7SUaGA6fthvsd87o8IQq4.jpg
62,504253,I Want to Eat Your Pancreas,"[16, 18, 10749, 10751]","Spring time in April and the last of the cherry blossoms are still in bloom. The usually aloof bookworm with no interest in others comes across a book in a hospital waiting room. Handwritten on the cover are the words: ""Living with Dying."" He soon discovers that it is a diary kept by his very popular and genuinely cheerful classmate, Sakura Yamauchi, who reveals to him that she is secretly suffering from a pancreatic illness and only has a limited time left. It is at this moment that she gains just one more person to share her secret. Trying to maintain a normal life as much as possible, Sakura is determined to live her life to the fullest until the very last day. As her free spirit and unpredictable actions throw him for a loop, his heart begins to gradually change.",2018-09-01,45.665,8.3,479,/vHdVU0HyyB6k6kuYt8qjwTz9one.jpg
63,3082,Modern Times,"[35, 18]",The Tramp struggles to live in modern industrial society with the help of a young homeless woman.,1936-02-11,17.799,8.3,2406,/7uoiKOEjxBBW0AgDGQWrlfGQ90w.jpg
64,807,Se7en,"[80, 9648, 53]","Two homicide detectives are on a desperate hunt for a serial killer whose crimes are based on the ""seven deadly sins"" in this dark and haunting film that takes viewers from the tortured remains of one victim to the next. The seasoned Det. Sommerset researches each sin in an effort to get inside the killer's mind, while his novice partner, Mills, scoffs at his efforts to unravel the case.",1995-09-22,33.601,8.3,14203,/6yoghtyTpznpBik8EngEmJskVUO.jpg
65,121,The Lord of the Rings: The Two Towers,"[12, 14, 28]","Frodo and Sam are trekking to Mordor to destroy the One Ring of Power while Gimli, Legolas and Aragorn search for the orc-captured Merry and Pippin. All along, nefarious wizard Saruman awaits the Fellowship members at the Orthanc Tower in Isengard.",2002-12-18,78.096,8.3,15652,/5VTN0pR8gcqV3EPUHHfMGnJYN9L.jpg
66,101,Léon: The Professional,"[80, 18, 28]","Léon, the top hit man in New York, has earned a rep as an effective ""cleaner"". But when his next-door neighbors are wiped out by a loose-cannon DEA agent, he becomes the unwilling custodian of 12-year-old Mathilda. Before long, Mathilda's thoughts turn to revenge, and she considers following in Léon's footsteps.",1994-09-14,42.628,8.3,10178,/91bUbxcOvTinqrPLrnGHlWYVy9J.jpg
67,313106,Doctor Who: The Day of the Doctor,"[878, 12]","In 2013, something terrible is awakening in London's National Gallery; in 1562, a murderous plot is afoot in Elizabethan England; and somewhere in space an ancient battle reaches its devastating conclusion. All of reality is at stake as the Doctor's own dangerous past comes back to haunt him.",2013-11-23,12.265,8.3,586,/qkhP3bhxQQjs1bGEWNts64DOUkK.jpg
68,432517,Sherlock: The Final Problem,"[18, 9648, 53]",Long buried secrets finally come to light as someone has been playing a very long game indeed. Sherlock and John face their greatest ever challenge. Is the game finally over?,2017-01-15,8.545,8.3,869,/dbsS4oBDwLTVTuIiqwTls9wD1I1.jpg
69,274,The Silence of the Lambs,"[80, 18, 53, 27]","Clarice Starling is a top student at the FBI's training academy. Jack Crawford wants Clarice to interview Dr. Hannibal Lecter, a brilliant psychiatrist who is also a violent psychopath, serving life behind bars for various acts of murder and cannibalism. Crawford believes that Lecter may have insight into a case and that Starling, as an attractive young woman, may be just the bait to draw him out.",1991-02-01,7.043,8.3,11128,/rplLJ2hPcOQmkFhTqUte0MkEaO2.jpg
70,157336,Interstellar,"[12, 18, 878]",The adventures of a group of explorers who make use of a newly discovered wormhole to surpass the limitations on human space travel and conquer the vast distances involved in an interstellar voyage.,2014-11-05,101.165,8.3,24371,/gEU2QniE6E77NI6lCU6MxlNBvIx.jpg
71,637920,Miracle in Cell No. 7,"[18, 35, 10751]","Separated from his daughter, a father with an intellectual disability must prove his innocence when he is jailed for the death of a commander's child.",2019-10-10,51.106,8.3,3360,/bOth4QmNyEkalwahfPCfiXjNh1r.jpg
72,620683,My Mom is a Character 3,[35],Dona Hermínia will have to rediscover and reinvent herself because her children are forming new families. This supermom will have to deal with a new life scenario: Marcelina is pregnant and Juliano is getting married.,2019-12-26,6.696,8.3,333,/zw77BFPGJ73Lig8GwRzYj1XHq53.jpg
73,335,Once Upon a Time in the West,[37],A widow whose land and life are in danger as the railroad is getting closer and closer to taking them over. A mysterious harmonica player joins forces with a desperado to protect the woman and her land.,1968-12-21,24.008,8.3,2800,/3RymloPYcEPx30T1vTrz2cXaVnh.jpg
74,18148,Tokyo Story,[18],"The elderly Shukishi and his wife, Tomi, take the long journey from their small seaside village to visit their adult children in Tokyo. Their elder son, Koichi, a doctor, and their daughter, Shige, a hairdresser, don't have much time to spend with their aged parents, and so it falls to Noriko, the widow of their younger son who was killed in the war, to keep her in-laws company.",1953-11-03,12.912,8.3,568,/g2YbTYKpY7N2yDSk7BfXZ18I5QV.jpg
75,265177,Mommy,[18],"A peculiar neighbor offers hope to a recent widow who is struggling to raise a teenager who is unpredictable and, sometimes, violent.",2014-05-22,9.363,8.3,1929,/5GQxn3rwYVJIjv7agldHCPYvIjf.jpg
76,508965,Klaus,"[16, 10751, 12, 35]","When Jesper distinguishes himself as the Postal Academy's worst student, he is sent to Smeerensburg, a small village located on an icy island above the Arctic Circle, where grumpy inhabitants barely exchange words, let alone letters. Jesper is about to give up and abandon his duty as a postman when he meets local teacher Alva and Klaus, a mysterious carpenter who lives alone in a cabin full of handmade toys.",2019-11-08,76.315,8.3,1981,/q125RHUDgR4gjwh1QkfYuJLYkL.jpg
77,10376,The Legend of 1900,"[18, 10402, 10749]","The story of a virtuoso piano player who lives his entire life aboard an ocean liner. Born and raised on the ship, 1900 (Tim Roth) learned about the outside world through interactions with passengers, never setting foot on land, even for the love of his life. Years later, the ship may be destroyed, and a former band member fears that 1900 may still be aboard, willing to go down with the ship.",1998-10-28,8.353,8.3,1519,/5eqMnFLAep9jkn1rDAg7M2WiuHQ.jpg
78,470044,The Hate U Give,"[80, 18]","Raised in a poverty-stricken slum, a 16-year-old girl named Starr now attends a suburban prep school. After she witnesses a police officer shoot her unarmed best friend, she's torn between her two very different worlds as she tries to speak her truth.",2018-10-19,20.758,8.3,1386,/2icwBom0t5nmOuZI9FVXF3gkMK0.jpg
79,11659,The Best of Youth,"[18, 10749]","Spanning four decades, from the chaotic 1960s to the present, director Marco Tullio Giordana's passionate epic 'La Meglio Gioventu' follows two Italian brothers through some of the most tumultuous events of recent Italian history.",2003-06-22,6.757,8.3,338,/ltmcFRvTeAgBgMLUGa15KzDSQqs.jpg
80,299534,Avengers: Endgame,"[12, 878, 28]","After the devastating events of Avengers: Infinity War, the universe is in ruins due to the efforts of the Mad Titan, Thanos. With the help of remaining allies, the Avengers must assemble once more in order to undo Thanos' actions and restore order to the universe once and for all, no matter what consequences may be in store.",2019-04-24,241.002,8.3,15908,/or06FN3Dka5tukK1e9sl16pB3iy.jpg
81,398818,Call Me by Your Name,"[10749, 18]","In 1980s Italy, a relationship begins between seventeen-year-old teenage Elio and the older adult man hired as his father's research assistant.",2017-09-01,66.457,8.3,8276,/tcNniniS4rfqrLH0oORikJfnIwY.jpg
82,290098,The Handmaiden,"[53, 18, 10749]","1930s Korea, in the period of Japanese occupation, a young woman is hired as a handmaiden to a Japanese heiress who lives a secluded life on a large countryside estate with her domineering uncle. But, the maid has a secret: she is a pickpocket recruited by a swindler posing as a Japanese count to help him seduce the heiress to elope with him, rob her of her fortune, and lock her up in a madhouse. The plan seems to proceed according to plan until the women discover some unexpected emotions.",2016-06-01,19.588,8.3,1967,/dLlH4aNHdnmf62umnInL8xPlPzw.jpg
83,1398,Stalker,"[878, 18]","Near a gray and unnamed city is the Zone, a place guarded by barbed wire and soldiers, and where the normal laws of physics are victim to frequent anomalies. A stalker guides two men into the Zone, specifically to an area in which deep-seated desires are granted.",1979-05-25,15.437,8.3,1151,/lUE0Bp7wH0EterJ44qMRsqtKFnp.jpg
84,105,Back to the Future,"[12, 35, 878, 10751]","Eighties teenager Marty McFly is accidentally sent back in time to 1955, inadvertently disrupting his parents' first meeting and attracting his mother's romantic interest. Marty must repair the damage to history by rekindling his parents' romance and - with the help of his eccentric inventor friend Doc Brown - return to 1985.",1985-07-03,48.504,8.3,14175,/xlBivetfrtF84Yx0zISShnNtHYe.jpg
85,797,Persona,[18],"A young nurse, Alma, is put in charge of Elisabeth Vogler: an actress who is seemingly healthy in all respects, but will not talk. As they spend time together, Alma speaks to Elisabeth constantly, never receiving any answer. The time they spend together only strengthens the crushing realization that one does not exist.",1966-10-18,14.177,8.3,1184,/mOodF10mRLMHYl8iOsyszm92hVi.jpg
86,25237,Come and See,"[18, 10752, 36]","The invasion of a village in Byelorussia by German forces sends young Florya into the forest to join the weary Resistance fighters, against his family's wishes. There he meets a girl, Glasha, who accompanies him back to his village. On returning home, Florya finds his family and fellow peasants massacred. His continued survival amidst the brutal debris of war becomes increasingly nightmarish, a battle between despair and hope.",1985-09-03,12.654,8.3,590,/90A8sXK9QZVJ7Rj8nLdsj5NuO5s.jpg
87,28,Apocalypse Now,"[18, 10752]","At the height of the Vietnam war, Captain Benjamin Willard is sent on a dangerous mission that, officially, ""does not exist, nor will it ever exist."" His goal is to locate - and eliminate - a mysterious Green Beret Colonel named Walter Kurtz, who has been leading his personal army on illegal guerrilla missions into enemy territory.",1979-08-15,23.8,8.3,5364,/gQB8Y5RCMkv2zwzFHbUJX3kAhvA.jpg
88,24188,Il Sorpasso,"[18, 35]","Roberto, a shy law student in Rome, meets Bruno, a forty-year-old exuberant, capricious man, who takes him for a drive through the Roman and Tuscany countries in the summer. Along the way, they end up knowing each other and entering each other's lives. A twist at the end puts everything into perspective.",1962-12-04,7.96,8.3,426,/44ZtEB1warv5SSbxX2b92EGNfqK.jpg
89,26451,Investigation of a Citizen Above Suspicion,"[18, 53]","Rome, Italy. After committing a heinous crime, a senior police officer exposes evidence incriminating him because his moral commitment prevents him from circumventing the law and the social order it protects.",1970-10-16,9.999,8.3,447,/vPTZwlq1IC4o1DCsEZEl2uGljzm.jpg
90,490132,Green Book,"[18, 35]","Tony Lip, a bouncer in 1962, is hired to drive pianist Don Shirley on a tour through the Deep South in the days when African Americans, forced to find alternate accommodations and services due to segregation laws below the Mason-Dixon Line, relied on a guide called The Negro Motorist Green Book.",2018-11-16,37.704,8.3,7143,/7BsvSuDQuoqhWmU2fL7W2GOcZHU.jpg
91,29259,Le Trou,"[80, 18, 53, 36]","Four prison inmates have been hatching a plan to literally dig out of jail when another prisoner, Claude Gaspard, is moved into their cell. They take a risk and share their plan with the newcomer. Over the course of three days, the prisoners and friends break through the concrete floor using a bed post and begin to make their way through the sewer system -- yet their escape is anything but assured.",1960-03-18,9.048,8.3,218,/ih2IppwsMkCyHazLJKOMdpwFT37.jpg
92,5156,Bicycle Thieves,[18],A working man's livelihood is threatened when someone steals his bicycle.,1948-11-24,14.799,8.3,1432,/7ZiSTZN5FWsphVmlwFVFfn5EOl.jpg
93,37257,Witness for the Prosecution,"[80, 18, 9648]","When Leonard Vole is arrested for the sensational murder of a rich, middle-aged widow, the famous Sir Wilfrid Robarts agrees to appear on his behalf. Sir Wilfrid, recovering from a near-fatal heart attack, is supposed to be on a diet of bland, civil suits—but the lure of the criminal courts is too much for him, especially when the case is so difficult.",1957-12-17,10.787,8.3,743,/bCj4EfuehAlgBwVd3diyWyhuuau.jpg
94,20914,My Friends,[35],"Four middle-aged friends in Florence organize together idle pranks (called zingarate, ""gypsy shenanigans"") in a continuous attempt to prolong childhood during their adult life.",1975-08-15,8.275,8.3,456,/8Pm8SLjq2UHCwisd56ipHtzvZI1.jpg
95,16672,Woman in the Dunes,"[18, 53]",An entomologist suffers extreme psychological and sexual torture after being taken captive by the residents of a poor seaside village.,1964-02-15,11.77,8.3,208,/rE6vtXBDXy3cjyFmxfsDese0Eo4.jpg
96,531428,Portrait of a Lady on Fire,"[18, 10749]","On an isolated island in Brittany at the end of the eighteenth century, a female painter is obliged to paint a wedding portrait of a young woman.",2019-06-17,23.04,8.3,1115,/2LquGwEhbg3soxSCs9VNyh5VJd9.jpg
97,517814,Capernaum,[18],"Zain, a 12-year-old boy scrambling to survive on the streets of Beirut, sues his parents for having brought him into such an unjust world, where being a refugee with no documents means that your rights can easily be denied.",2018-10-06,16.793,8.3,905,/mFnfTVADj8yOxwzprYOmTPselk8.jpg
98,158445,Miracle in Cell No. 7,"[18, 35, 10751]",A story about a mentally ill man wrongfully accused of murder and his relationship with his lovingly adorable 6 year old daughter.,2013-01-23,10.712,8.3,257,/4Ht6RBo4fUmSo2tWE6umtNll58z.jpg
99,422,8½,"[14, 18]","Guido Anselmi, a film director, finds himself creatively barren at the peak of his career. Urged by his doctors to rest, Anselmi heads for a luxurious resort, but a sorry group gathers—his producer, staff, actors, wife, mistress, and relatives—each one begging him to get on with the show. In retreat from their dependency, he fantasizes about past women and dreams of his childhood.",1963-02-14,12.502,8.3,1411,/9wvOlM8f3obvG9tNTkpZvF0CUU1.jpg
100,299536,Avengers: Infinity War,"[12, 28, 878]","As the Avengers and their allies have continued to protect the world from threats too large for any one hero to handle, a new danger has emerged from the cosmic shadows: Thanos. A despot of intergalactic infamy, his goal is to collect all six Infinity Stones, artifacts of unimaginable power, and use them to inflict his twisted will on all of reality. Everything the Avengers have fought for has led up to this moment - the fate of Earth and existence itself has never been more uncertain.",2018-04-25,260.536,8.3,20334,/7WsyChQLEftFiDOVTGkv3hFpyyt.jpg
101,670,Oldboy,"[18, 53, 9648, 28]","With no clue how he came to be imprisoned, drugged and tortured for 15 years, a desperate businessman seeks revenge on his captors.",2003-11-21,23.947,8.3,5292,/pWDtjs568ZfOTMbURQBYuT4Qxka.jpg
102,8587,The Lion King,"[10751, 16, 18]","A young lion prince is cast out of his pride by his cruel uncle, who claims he killed his father. While the uncle rules with an iron paw, the prince grows up beyond the Savannah, living by a philosophy: No worries for the rest of your days. But when his past comes to haunt him, the young prince must decide his fate: Will he remain an outcast or face his demons and become what he needs to be?",1994-06-23,59.779,8.3,13279,/sKCr78MXSLixwmZ8DyJLrpMsd15.jpg
103,110420,Wolf Children,"[16, 18, 10751, 14]","After her werewolf lover unexpectedly dies in an accident, a woman must find a way to raise the son and daughter that she had with him. However, their inheritance of their father's traits prove to be a challenge for her.",2012-07-21,34.133,8.2,1436,/nqqovhsvsWbsb7LcGaIGDRZrwgB.jpg
104,77338,The Intouchables,"[18, 35]",A true story of two men who should never have met – a quadriplegic aristocrat who was injured in a paragliding accident and a young man from the projects.,2011-11-02,30.349,8.2,12583,/ttx4GQl0azO6NJFWj4XNZCQOY7S.jpg
105,1585,It's a Wonderful Life,"[18, 10751, 14]","A holiday favourite for generations...  George Bailey has spent his entire life giving to the people of Bedford Falls.  All that prevents rich skinflint Mr. Potter from taking over the entire town is George's modest building and loan company.  But on Christmas Eve the business's $8,000 is lost and George's troubles begin.",1946-12-20,32.466,8.2,2623,/bSqt9rhDZx1Q7UZ86dBPKdNomp2.jpg
106,490,The Seventh Seal,"[14, 18]","When disillusioned Swedish knight Antonius Block returns home from the Crusades to find his country in the grips of the Black Death, he challenges Death to a chess match for his life. Tormented by the belief that God does not exist, Block sets off on a journey, meeting up with traveling players Jof and his wife, Mia, and becoming determined to evade Death long enough to commit one redemptive act while he still lives.",1957-02-16,14.131,8.2,1799,/khbyQUFTYIIltrC1yYvLXP85Lh8.jpg
107,284,The Apartment,"[35, 18, 10749]","Bud Baxter is a minor clerk in a huge New York insurance company, until he discovers a quick way to climb the corporate ladder. He lends out his apartment to the executives as a place to take their mistresses. Although he often has to deal with the aftermath of their visits, one night he's left with a major problem to solve.",1960-06-21,17.634,8.2,1316,/hhSRt1KKfRT0yEhEtRW3qp31JFU.jpg
108,24382,Big Deal on Madonna Street,"[35, 80]","Best friends Peppe and Mario are thieves, but they're not very good at it. Still, Peppe thinks that he's finally devised a master heist that will make them rich. With the help of some fellow criminals, he plans to dig a tunnel from a rented apartment to the pawnshop next door, where they can rob the safe. But his plan is far from foolproof, and the fact that no one in the group has any experience digging tunnels proves to be the least of their problems.",1958-06-06,9.143,8.2,433,/f5OxD8Nl0pR3DcYHtYhHRfpsmjl.jpg
109,638507,How to Train Your Dragon: Homecoming,"[28, 12, 16, 14, 10751]","It's been ten years since the dragons moved to the Hidden World, and even though Toothless doesn't live in New Berk anymore, Hiccup continues the holiday traditions he once shared with his best friend. But the Vikings of New Berk were beginning to forget about their friendship with dragons. Hiccup, Astrid, and Gobber know just what to do to keep the dragons in the villagers' hearts. And across the sea, the dragons have a plan of their own...",2019-10-25,40.457,8.2,449,/kXj2Qrfm994yLeuADqbOieU1mUH.jpg
110,185,A Clockwork Orange,"[878, 18]","In a near-future Britain, young Alexander DeLarge and his pals get their kicks beating and raping anyone they please. When not destroying the lives of others, Alex swoons to the music of Beethoven. The state, eager to crack down on juvenile crime, gives an incarcerated Alex the option to undergo an invasive procedure that'll rob him of all personal agency. In a time when conscience is a commodity, can Alex change his tune?",1971-12-19,31.988,8.2,8981,/4sHeTAp65WrSSuc05nRBKddhBxO.jpg
111,2457,Children of Paradise,"[18, 10749]","Filmed during the German occupation, this French milestone centers around the theatrical life of a beautiful courtesan and the four men who love her. Voted the “Best French Film in History” by the French Film Academy in 1990.",1945-03-15,7.794,8.2,217,/yiy9stl1jjVhW44ypkWMFDT8Ix3.jpg
112,406997,Wonder,"[18, 10751]","The story of August Pullman – a boy with facial differences – who enters fifth grade, attending a mainstream elementary school for the first time.",2017-11-13,38.105,8.2,5885,/ouYgAatYH4JzIThj6FI3UYf31RI.jpg
113,399106,Piper,"[10751, 16]","A mother bird tries to teach her little one how to find food by herself. In the process, she encounters a traumatic experience that she must overcome in order to survive.",2016-06-16,15.88,8.2,1131,/bLzs8RpBe4IuNuUlQJjctzwq09G.jpg
114,10098,The Kid,"[35, 18]",A tramp cares for a boy after he's abandoned as a newborn by his mother. Later the mother has a change of heart and aches to be reunited with her son.,1921-01-21,14.24,8.2,1239,/drgMcyTsySQBnUPGaBThCHGdlWT.jpg
115,426,Vertigo,"[9648, 10749, 53]","A retired San Francisco detective suffering from acrophobia investigates the strange activities of an old friend's wife, all the while becoming dangerously obsessed with her.",1958-05-28,20.895,8.2,3729,/15uOEfqBNTVtDUT7hGBVCka0rZz.jpg
116,354912,Coco,"[16, 10751, 35, 12, 14, 10402]","Despite his family’s baffling generations-old ban on music, Miguel dreams of becoming an accomplished musician like his idol, Ernesto de la Cruz. Desperate to prove his talent, Miguel finds himself in the stunning and colorful Land of the Dead following a mysterious chain of events. Along the way, he meets charming trickster Hector, and together, they set off on an extraordinary journey to unlock the real story behind Miguel's family history.",2017-10-27,142.583,8.2,12892,/gGEsBPAijhVUFoiNpgZXqRVWJt2.jpg
117,629,The Usual Suspects,"[18, 80, 53]","Held in an L.A. interrogation room, Verbal Kint attempts to convince the feds that a mythic crime lord, Keyser Soze, not only exists, but was also responsible for drawing him and his four partners into a multi-million dollar heist that ended with an explosion in San Pedro harbor – leaving few survivors. Verbal lures his interrogators with an incredible story of the crime lord's almost supernatural prowess.",1995-07-19,23.583,8.2,7260,/bUPmtQzrRhzqYySeiMpv7GurAfm.jpg
118,992,Sherlock Jr.,"[28, 35, 9648]","A film projectionist longs to be a detective, and puts his meagre skills to work when he is framed by a rival for stealing his girlfriend's father's pocketwatch.",1924-04-17,11.783,8.2,503,/1G9r3rqtbFAQuyWKOZm4Y5J5s7Q.jpg
119,694,The Shining,"[27, 53]","Jack Torrance accepts a caretaker job at the Overlook Hotel, where he, along with his wife Wendy and their son Danny, must live isolated from the rest of the world for the winter. But they aren't prepared for the madness that lurks within.",1980-05-23,50.76,8.2,12090,/b6ko0IKC8MdYBBPkkA1aBPLe2yz.jpg
120,606856,Togo,"[18, 12, 36, 10751]","The untold true story set in the winter of 1925 that takes you across the treacherous terrain of the Alaskan tundra for an exhilarating and uplifting adventure that will test the strength, courage and determination of one man, Leonhard Seppala, and his lead sled dog, Togo.",2019-12-19,92.466,8.2,970,/921q4gPNN4J6UxvKaw6SCNBe3F8.jpg
121,11,Star Wars,"[12, 28, 878]",Princess Leia is captured and held hostage by the evil Imperial forces in their effort to take over the galactic Empire. Venturesome Luke Skywalker and dashing captain Han Solo team together with the loveable robot duo R2-D2 and C-3PO to rescue the beautiful princess and restore peace and justice in the Empire.,1977-05-25,95.666,8.2,14678,/6FfCtAuVAW8XJjZ7eWeLibRLWTw.jpg
122,610461,"Veinteañera, divorciada y fantástica",[35],"Regina, our young protagonist, always dreamed of getting married. And she did it - but the dream lasted much less than she thought and now she has to face life in a very funny way as a divorcee.",2020-02-14,57.291,8.2,285,/wpC0bIYYfAY0wLa8sjlzIspMQr4.jpg
123,439,La Dolce Vita,"[35, 18]","Journalist and man-about-town Marcello struggles to find his place in the world, torn between the allure of Rome's elite social scene and the stifling domesticity offered by his girlfriend, all the while searching for a way to become a serious writer.",1960-02-05,10.454,8.2,1135,/xgqVtaGbITWeIYR3mkYo39bRd36.jpg
124,16869,Inglourious Basterds,"[18, 28, 53, 10752]","In Nazi-occupied France during World War II, a group of Jewish-American soldiers known as ""The Basterds"" are chosen specifically to spread fear throughout the Third Reich by scalping and brutally killing Nazis. The Basterds, lead by Lt. Aldo Raine soon cross paths with a French-Jewish teenage girl who runs a movie theater in Paris which is targeted by the soldiers.",2009-08-18,35.018,8.2,15831,/7sfbEnaARXDDhKm0CZ7D7uc2sbo.jpg
125,705,All About Eve,[18],"From the moment she glimpses her idol at the stage door, Eve Harrington is determined to take the reins of power away from the great actress Margo Channing. Eve maneuvers her way into Margo's Broadway role, becomes a sensation and even causes turmoil in the lives of Margo's director boyfriend, her playwright and his wife. Only the cynical drama critic sees through Eve, admiring her audacity and perfect pattern of deceit.",1950-10-06,11.531,8.2,966,/6numIZH6uR3NlJgY9m7nGH0jhs.jpg
126,77,Memento,"[9648, 53]","Leonard Shelby is tracking down the man who raped and murdered his wife. The difficulty of locating his wife's killer, however, is compounded by the fact that he suffers from a rare, untreatable form of short-term memory loss. Although he can recall details of life before his accident, Leonard cannot remember what happened fifteen minutes ago, where he's going, or why.",2000-10-11,22.404,8.2,10286,/uprP8rtOgMYJQ2h3ldDFvGsaBgH.jpg
127,103,Taxi Driver,"[80, 18]","A mentally unstable Vietnam War veteran works as a night-time taxi driver in New York City where the perceived decadence and sleaze feed his urge for violent action, attempting to save a preadolescent prostitute in the process.",1976-02-09,24.477,8.2,7548,/ekstpH614fwDX8DUln1a2Opz0N8.jpg
128,28422,Love Exposure,"[28, 35, 18, 10749]","The story of a teenage boy named Yu, who falls for Yoko, a girl he runs into while working as an ""up-skirt"" photographer in an offshoot of the porn industry. His attempts to woo her are complicated by a spot of cross-dressing - which convinces Yoko that she is lesbian - dalliances with kung-fu and crime, and a constant struggle with the guilt that's a legacy of his Catholic upbringing.",2009-01-31,9.414,8.2,237,/A9UDEIiiQXzg8PLtbdimtV1bC5u.jpg
129,872,Singin' in the Rain,"[35, 10402, 10749]","In 1927 Hollywood, a silent film production company and cast make a difficult transition to sound.",1952-04-09,15.193,8.2,1954,/62plaLItfJDXKcLUJdOQ35wASms.jpg
130,996,Double Indemnity,"[80, 18, 9648, 53]","A rich woman and a calculating insurance agent plot to kill her unsuspecting husband after he signs a double indemnity policy. Against a backdrop of distinctly Californian settings, the partners in crime plan the perfect murder to collect the insurance, which pays double if the death is accidental.",1944-06-14,10.03,8.2,1051,/nW0cCpfuGcR1JG7EinDbdL2Ijf2.jpg
131,652722,In the Arms of an Assassin,"[53, 10749]","Victor (William Levy) is one of the world’s most handsome  men, but he has a deep secret – he is a cold blooded assassin. Smooth talking and seductive, Victor was raised to do one thing only, which is to kill for money. When he is sent to the home of a brutal drug lord to collect payment for his most recent hit, he encounters the beautiful Sarai (Alicia Sanz), who has been forced to spend the last 9 years of her life with the drug lord.",2019-12-06,73.634,8.2,201,/iqRUOtbDunNq7gTux3zXz25Krwp.jpg
132,455661,In a Heartbeat,"[10751, 16, 10749, 35]",A closeted boy runs the risk of being outed by his own heart after it pops out of his chest to chase down the boy of his dreams.,2017-06-01,7.247,8.2,828,/wJUJROdLOtOzMixkjkx1aaZGSLl.jpg
133,100,"Lock, Stock and Two Smoking Barrels","[35, 80]",A card shark and his unwillingly-enlisted friends need to make a lot of cash quick after losing a sketchy poker match. To do this they decide to pull a heist on a small-time gang who happen to be operating out of the flat next door.,1998-03-05,9.652,8.2,4401,/8kSerJrhrJWKLk1LViesGcnrUPE.jpg
134,19,Metropolis,"[18, 878]","In a futuristic city sharply divided between the working class and the city planners, the son of the city's mastermind falls in love with a working class prophet who predicts the coming of a savior to mediate their differences.",1927-03-06,18.765,8.2,1636,/hUK9rewffKGqtXynH5SW3v9hzcu.jpg
135,1124,The Prestige,"[18, 9648, 53]","A mysterious story of two magicians whose intense rivalry leads them on a life-long battle for supremacy -- full of obsession, deceit and jealousy with dangerous and deadly consequences.",2006-10-19,26.642,8.2,10903,/pvSESD7ujxWZwtYDb9l57qE0ywq.jpg
136,895,Andrei Rublev,"[18, 36]","An expansive Russian drama, this film focuses on the life of revered religious icon painter Andrei Rublev. Drifting from place to place in a tumultuous era, the peace-seeking monk eventually gains a reputation for his art. But after Rublev witnesses a brutal battle and unintentionally becomes involved, he takes a vow of silence and spends time away from his work. As he begins to ease his troubled soul, he takes steps towards becoming a painter once again.",1966-12-16,11.253,8.2,429,/910xRIUmNJrWH2hkQifBJtoPp5R.jpg
137,458302,"Remi, Nobody's Boy","[12, 10749, 10751]","The adventures of the young Rémi, an orphan, collected by the gentle Madam Barberin. At the age of 10 years, he is snatched from his adoptive mother and entrusted to the signor Vitalis, a mysterious itinerant musician. Has its sides, he will learn the harsh life of acrobat and sing to win his bread. Accompanied by the faithful dog capi and of the small monkey Joli-Coeur, his long trip through France, made for meetings, friendships and mutual assistance, leads him to the secret of its origins.",2018-09-30,13.421,8.2,255,/mQYXlxlUTmOP4FWt52qkZZb8JNM.jpg
138,548,Rashomon,"[80, 18, 9648]","Brimming with action while incisively examining the nature of truth, ""Rashomon"" is perhaps the finest film ever to investigate the philosophy of justice. Through an ingenious use of camera and flashbacks, Kurosawa reveals the complexities of human nature as four people recount different versions of the story of a man's murder and the rape of his wife.",1950-08-26,17.142,8.2,1264,/mwNCpjejHwq9KlpNB2gKII2yvbr.jpg
139,437068,A Taxi Driver,"[18, 36, 28]","May, 1980. Man-seob is a taxi driver in Seoul who lives from hand to mouth, raising his young daughter alone. One day, he hears that there is a foreigner who will pay big money for a drive down to Gwangju city. Not knowing that he’s a German journalist with a hidden agenda, Man-seob takes the job.",2017-08-02,9.118,8.2,376,/iXVaWbxmyPk4KZGZk5GGDGFieMX.jpg
140,614,Wild Strawberries,[18],"Crotchety retired doctor Isak Borg travels from Stockholm to Lund, Sweden, with his pregnant and unhappy daughter-in-law, Marianne, in order to receive an honorary degree from his alma mater. Along the way, they encounter a series of hitchhikers, each of whom causes the elderly doctor to muse upon the pleasures and failures of his own life. These include the vivacious young Sara, a dead ringer for the doctor's own first love.",1957-12-26,9.7,8.2,964,/iyTD2QnySNMPUPE3IedZQipSWfz.jpg
141,475557,Joker,"[80, 53, 18]","During the 1980s, a failed stand-up comedian is driven insane and turns to a life of crime and chaos in Gotham City while becoming an infamous psychopathic crime figure.",2019-10-02,804.565,8.2,15830,/udDclJoHjfjb8Ekgsd4FDteOkCU.jpg
142,10494,Perfect Blue,"[16, 53]",A retired pop singer turned actress' sense of reality is shaken when she is stalked by an obsessed fan and seemingly a ghost of her past.,1997-07-25,21.003,8.2,1091,/79vujbsWEbX4dzffBV541QXN6sf.jpg
143,14696,Ugetsu,"[14, 18, 9648]","In 16th century Japan, peasants Genjuro and Tobei sell their earthenware pots to a group of soldiers in a nearby village, in defiance of a local sage's warning against seeking to profit from warfare. Genjuro's pursuit of both riches and the mysterious Lady Wakasa, as well as Tobei's desire to become a samurai, run the risk of destroying both themselves and their wives, Miyagi and Ohama.",1953-03-26,9.726,8.2,298,/7Kk1ZsrAul2Lg7Pe45XOcUf2ARQ.jpg
144,98,Gladiator,"[28, 18, 12]","In the year 180, the death of emperor Marcus Aurelius throws the Roman Empire into chaos.  Maximus is one of the Roman army's most capable and trusted generals and a key advisor to the emperor.  As Marcus' devious son Commodus ascends to the throne, Maximus is set to be executed.  He escapes, but is captured by slave traders.  Renamed Spaniard and forced to become a gladiator, Maximus must battle to the death with other men for the amusement of paying audiences.",2000-05-01,39.647,8.2,12809,/pRn3TJHbAqCAO6U8Dw5DayVUuX3.jpg
145,11878,Yojimbo,"[18, 53]","A nameless ronin, or samurai with no master, enters a small village in feudal Japan where two rival businessmen are struggling for control of the local gambling trade. Taking the name Sanjuro Kuwabatake, the ronin convinces both silk merchant Tazaemon and sake merchant Tokuemon to hire him as a personal bodyguard, then artfully sets in motion a full-scale gang war between the two ambitious and unscrupulous men.",1961-04-25,14.042,8.2,811,/tN7kYPjRhDolpui9sc9Eq9n5b2O.jpg
146,239,Some Like It Hot,"[35, 10402, 10749]","Two musicians witness a mob hit and struggle to find a way out of the city before they are found by the gangsters. Their only opportunity is to join an all-girl band as they leave on a tour. To make their getaway they must first disguise themselves as women, then keep their identities secret and deal with the problems this brings - such as an attractive bandmate and a very determined suitor.",1959-03-19,17.574,8.2,2183,/2MMgcZpW17fzF9q0yjuFoVDulio.jpg
147,50014,The Help,[18],"Aibileen Clark is a middle-aged African-American maid who has spent her life raising white children and has recently lost her only son; Minny Jackson is an African-American maid who has often offended her employers despite her family's struggles with money and her desperate need for jobs; and Eugenia ""Skeeter"" Phelan is a young white woman who has recently moved back home after graduating college to find out her childhood maid has mysteriously disappeared. These three stories intertwine to explain how life in Jackson, Mississippi revolves around ""the help""; yet they are always kept at a certain distance because of racial lines.",2011-08-09,22.026,8.2,5244,/7XLSwxpfpPoJyTdJVot6a42TS2V.jpg
148,935,Dr. Strangelove or: How I Learned to Stop Worrying and Love the Bomb,"[18, 35, 10752]","After the insane General Jack D. Ripper initiates a nuclear strike on the Soviet Union, a war room full of politicians, generals and a Russian diplomat all frantically try to stop the nuclear strike.",1964-01-29,21.894,8.2,3725,/7SixLzxcqezkZEYU8pcHZgbkmjp.jpg
149,20530,Late Spring,[18],"Noriko is perfectly happy living at home with her widowed father, Shukichi, and has no plans to marry -- that is, until her aunt Masa convinces Shukichi that unless he marries off his 27-year-old daughter soon, she will likely remain alone for the rest of her life. When Noriko resists Masa's matchmaking, Shukichi is forced to deceive his daughter and sacrifice his own happiness to do what he believes is right.",1949-09-13,8.856,8.2,203,/iNtRSY2AGjW1VDXDR79bKsNUdus.jpg
150,500,Reservoir Dogs,"[80, 53]","A botched robbery indicates a police informant, and the pressure mounts in the aftermath at a warehouse. Crime begets violence as the survivors -- veteran Mr. White, newcomer Mr. Orange, psychopathic parolee Mr. Blonde, bickering weasel Mr. Pink and Nice Guy Eddie -- unravel.",1992-09-02,19.736,8.2,9919,/AjTtJNumZyUDz33VtMlF1K8JPsE.jpg
151,594634,Close to the Horizon,"[18, 10749]",Jessica knows exactly what her life is supposed to look like and where it takes her. But then she meets Danny. He has a complicated past and could confuse all their plans. Jessica has to decide.,2019-10-10,48.846,8.2,264,/zrpTa8JxNqd87G7HIqnynp9HpUc.jpg
152,449176,"Love, Simon","[35, 18, 10749]",Everyone deserves a great love story. But for seventeen-year old Simon Spier it's a little more complicated: he's yet to tell his family or friends he's gay and he doesn't know the identity of the anonymous classmate he's fallen for online.,2018-02-16,29.305,8.2,4608,/5YUYg5q7QfC4IoNwNUtiwdiYKPr.jpg
153,9764,Dersu Uzala,"[28, 12, 18]","A military explorer meets and befriends a Goldi man in Russia’s unmapped forests. A deep and abiding bond evolves between the two men, one civilized in the usual sense, the other at home in the glacial Siberian woods.",1975-08-02,9.563,8.2,251,/vC48JE8jGB5kxg6qUPLflvI4eHB.jpg
154,42229,A Special Day,"[18, 10749]","The film is set during the late 1930s: the occasion is the first meeting between Mussolini and Hitler. Left alone in her tenement home when her fascist husband runs off to attend the historic event, Antonietta strikes up a friendship with her homosexual neighbor Gabriele. As the day segues into night, Antonietta and Gabriele develop a very special relationship that will radically alter both of their outlooks on life.",1977-08-11,7.016,8.2,398,/6ZzkiTbuf2ltEPunhQolGIcckyS.jpg
155,1422,The Departed,"[18, 53, 80]","To take down South Boston's Irish Mafia, the police send in one of their own to infiltrate the underworld, not realizing the syndicate has done likewise. While an undercover cop curries favor with the mob kingpin, a career criminal rises through the police ranks. But both sides soon discover there's a mole among them.",2006-10-05,25.217,8.2,10456,/jyAgiqVSx5fl0NNj7WoGGKweXrL.jpg
156,568160,Weathering with You,"[16, 10749, 14, 18]","Tokyo is currently experiencing rain showers that seem to disrupt the usual pace of everyone living there to no end. Amidst this seemingly eternal downpour arrives the runaway high school student Hodaka Morishima, who struggles to financially support himself—ending up with a job at a small-time publisher. At the same time, the orphaned Hina Amano also strives to find work to sustain herself and her younger brother. Both fates intertwine when Hodaka attempts to rescue Hina from shady men, deciding to run away together. Subsequently, Hodaka discovers that Hina has a strange yet astounding power: the ability to call out the sun whenever she prays for it. With Tokyo's unusual weather in mind, Hodaka sees the potential of this ability. He suggests that Hina should become a ""sunshine girl""—someone who will clear the sky for people when they need it the most. Things begin looking up for them at first. However, it is common knowledge that power always comes with a hefty price...",2019-06-19,139.457,8.2,726,/qgrk7r1fV4IjuoeiGS5HOhXNdLJ.jpg
157,289,Casablanca,"[18, 10749]","In Casablanca, Morocco in December 1941, a cynical American expatriate meets a former lover, with unforeseen complications.",1942-11-26,21.726,8.2,3440,/uECNe5EolG7l9HxDmwl6NDt0vuI.jpg
158,11324,Shutter Island,"[18, 53, 9648]","World War II soldier-turned-U.S. Marshal Teddy Daniels investigates the disappearance of a patient from a hospital for the criminally insane, but his efforts are compromised by his troubling visions and also by a mysterious doctor.",2010-02-14,37.81,8.2,16796,/kve20tXwUZpu4GUX8l6X7Z4jmL6.jpg
159,599521,Z-O-M-B-I-E-S 2,"[10402, 10749, 10770]","Zed and Addison are back at Seabrook High, where, after a groundbreaking semester, they continue to steer both their school and community toward unity. But the arrival of a new group of outsiders – mysterious werewolves – threatens to shake up the newfound peace and causes a rift in Zed and Addison’s budding romance.",2020-02-14,75.953,8.2,311,/frTwEqSMWQ27oQeuiBO5PT0ZNqq.jpg
160,800,The Young and the Damned,"[80, 18]","A group of juvenile delinquents lives a criminal, violent life in the festering slums of Mexico City, among them the young Pedro, whose morality is gradually corrupted and destroyed by the others.",1950-12-09,8.307,8.2,241,/3bdfN2gosYSxpHBAXPkAhxkUJFr.jpg
161,857,Saving Private Ryan,"[18, 36, 10752]","As U.S. troops storm the beaches of Normandy, three brothers lie dead on the battlefield, with a fourth trapped behind enemy lines. Ranger captain John Miller and seven men are tasked with penetrating German-held territory and bringing the boy home.",1998-07-24,32.568,8.2,11035,/uqx37cS8cpHg8U35f9U5IBlrCV3.jpg
162,411088,The Invisible Guest,"[9648, 80, 53]","A young businessman wakes up in a hotel room, locked from the inside, along with his lover, who was murdered while he was unconscious. He hires a prestigious lawyer, and over the course of one evening, they must work together to build a defense case for him before he is taken to jail.",2016-09-22,30.16,8.2,2831,/fptnZJbLzKUHeNlYrAynbyoL5YJ.jpg
163,111,Scarface,"[28, 80, 18, 53]","After getting a green card in exchange for assassinating a Cuban government official, Tony Montana stakes a claim on the drug trade in Miami. Viciously murdering anyone who stands in his way, Tony eventually becomes the biggest drug lord in the state, controlling nearly all the cocaine that comes through Miami. But increased pressure from the police, wars with Colombian drug cartels and his own drug-fueled paranoia serve to fuel the flames of his eventual downfall.",1983-12-08,39.183,8.2,7638,/iQ5ztdjvteGeboxtmRdXEChJOHh.jpg
164,515001,Jojo Rabbit,"[35, 10752, 18]","A World War II satire that follows a lonely German boy whose world view is turned upside down when he discovers his single mother is hiding a young Jewish girl in their attic. Aided only by his idiotic imaginary friend, Adolf Hitler, Jojo must confront his blind nationalism.",2019-10-18,42.689,8.1,5165,/7GsM4mtM0worCtIVeiQt28HieeN.jpg
165,55960,"Toto, Peppino, and the Hussy",[35],"Antonio, Peppino and Lucia are three brothers who live in the country near Naples. Lucia's son, Gianni, goes to Naples to study medicine, but there he knows a ballet dancer. They fall in love and, when she goes to Milan, Gianni follows her. Informed of this and afraid that their nephew will stop studying, the three Caponi brothers leave for Milan to persuade Gianni to come back and continue studying and abandon the ""Malafemmina"" (bad girl).",1956-08-14,6.765,8.1,219,/rHsc35TLPliJAvbnmu8dvddiu96.jpg
166,324786,Hacksaw Ridge,"[18, 36, 10752]","WWII American Army Medic Desmond T. Doss, who served during the Battle of Okinawa, refuses to kill people and becomes the first Conscientious Objector in American history to receive the Congressional Medal of Honor.",2016-10-07,88.576,8.1,8957,/jhWbYeUNOA5zAb6ufK6pXQFXqTX.jpg
167,603,The Matrix,"[28, 878]","Set in the 22nd century, The Matrix tells the story of a computer hacker who joins a group of underground insurgents fighting the vast and powerful computers who now rule the earth.",1999-03-30,59.636,8.1,18175,/vybQQ7w7vGvF53IsGD0y0JSgIsA.jpg
168,19542,The Red Shoes,"[18, 10749]","In this classic drama, Vicky Page is an aspiring ballerina torn between her dedication to dance and her desire to love. While her imperious instructor, Boris Lermontov, urges to her to forget anything but ballet, Vicky begins to fall for the charming young composer Julian Craster. Eventually Vicky, under great emotional stress, must choose to pursue either her art or her romance, a decision that carries serious consequences.",1948-07-22,9.881,8.1,340,/7kUiA3FlSnZcsULjz1PhPZbo2gp.jpg
169,1396,Mirror,"[18, 36]","A dying man in his forties recalls his childhood, his mother, the war and personal moments that tell of and juxtapose pivotal moments in Soviet history with daily life.",1975-03-07,10.268,8.1,506,/9PknVc5uubhVLZ6ofvfJAprM9UZ.jpg
170,832,M,"[18, 28, 53, 80]","In this classic German thriller, Hans Beckert, a serial killer who preys on children, becomes the focus of a massive Berlin police manhunt. Beckert's heinous crimes are so repellant and disruptive to city life that he is even targeted by others in the seedy underworld network. With both cops and criminals in pursuit, the murderer soon realizes that people are on his trail, sending him into a tense, panicked attempt to escape justice.",1931-05-11,11.269,8.1,1246,/6hg2UClwHGnBojemFrLgiF1WK8A.jpg
171,378108,In This Corner of the World,"[18, 16, 10749, 10752, 36]","Japan, 1943, during World War II. Young Suzu leaves her village near Hiroshima to marry and live with her in-laws in Kure, a military harbor. Her creativity to overcome deprivation quickly makes her indispensable at home. Inhabited by an ancestral wisdom, Suzu impregnates the simple gestures of everyday life with poetry and beauty. The many hardships, the loss of loved ones, the frequent air raids of the enemy, nothing alters her enthusiasm…",2016-11-12,29.926,8.1,335,/9Z4H4M2F8OQTB04YC1Opds8MFBb.jpg
172,359940,"Three Billboards Outside Ebbing, Missouri","[80, 18]","After seven months have passed without a culprit in her daughter's murder case, Mildred Hayes makes a bold move, painting three signs leading into her town with a controversial message directed at Bill Willoughby, the town's revered chief of police. When his second-in-command Officer Jason Dixon, an immature mother's boy with a penchant for violence, gets involved, the battle between Mildred and Ebbing's law enforcement is only exacerbated.",2017-11-10,27.02,8.1,7252,/vgvw6w1CtcFkuXXn004S5wQsHRl.jpg
173,38288,I Corti,[35],"The shorts of Aldo , Giovanni &amp; Giacomo was the first theatrical show of the trio of comedians Aldo , Giovanni &amp; Giacomo , with the participation of Marina Massironi .  The show is the son of the fortunate trio 's holdings in television as Mai dire Gol, and shows such as The Circus by Paolo Rossi and on the head !  The short was recorded live at the Teatro Nuovo in Ferrara on 28 and 29 March 1996. Produced by Agidi , the theater director is entrusted to the change artist Arturo Brachetti .",1996-01-01,5.748,8.1,310,/9uZhgmOAH7eW4uWGL49HgIA0JtE.jpg
174,426618,Where Hands Touch,"[10752, 18, 10749]","Germany, 1944. Leyna, the 15-year old daughter of a white German mother and a black African father, meets Lutz, a compassionate member of the Hitler Youth whose father is a prominent Nazi soldier, and they form an unlikely connection in this quickly changing world.",2018-09-14,12.394,8.1,318,/omKzydOrom9kpdfQUE0G9Y9sPl0.jpg
175,55823,The Great War,"[35, 18, 10752]","Italy, 1916. Oreste Jacovacci and Giovanni Busacca are called, as all the Italian youths, to serve the army in the WWI. They both try in every way to avoid serving the army.",1959-10-28,7.427,8.1,234,/1CiX92V4St4PTViqjvEwMhW2Y2s.jpg
176,600,Full Metal Jacket,"[18, 10752]",A pragmatic U.S. Marine observes the dehumanizing effects the U.S.-Vietnam War has on his fellow recruits from their brutal boot camp training to the bloody street fighting in Hue.,1987-06-26,33.995,8.1,7082,/kMKyx1k8hWWscYFnPbnxxN4Eqo4.jpg
177,339877,Loving Vincent,"[16, 18, 9648]","The film brings the paintings of Vincent van Gogh to life to tell his remarkable story. Every one of the 65,000 frames of the film is an oil-painting hand-painted by 125 professional oil-painters who travelled from all across the world to the Loving Vincent studios in Poland and Greece to be a part of the production. As remarkable as Vincent’s brilliant paintings are his passionate and ill-fated life and mysterious death.",2017-06-22,15.821,8.1,1696,/56sq57kDm7XgyXBYrgJLumo0Jac.jpg
178,334543,Lion,[18],"A five-year-old Indian boy gets lost on the streets of Calcutta, thousands of kilometers from home. He survives many challenges before being adopted by a couple in Australia; 25 years later, he sets out to find his lost family.",2016-01-20,20.811,8.1,5079,/iBGRbLvg6kVc7wbS8wDdVHq6otm.jpg
179,666,Central Station,[18],"An emotive journey of a former school teacher, who writes letters for illiterate people, and a young boy, whose mother has just died, as they search for the father he never knew.",1998-11-20,8.122,8.1,483,/uQj3kqTPOVnEFnWr7esi90ZyzTm.jpg
180,522518,A Dog's Journey,"[10751, 12, 18]",A dog finds the meaning of his own existence through the lives of the humans he meets.,2019-05-03,81.566,8.1,757,/wquJChp0NpoqthYdE3YjXNNxvVC.jpg
181,538362,On My Skin,[18],"The incredible true story behind the most controversial Italian court cases in recent years. Stefano Cucchi was arrested for a minor crime and mysteriously found dead during his detention. In one week's time, a family is changed forever.",2018-09-12,10.487,8.1,1521,/rwPgE6fLxuJmPWi8fFjgENJMAjr.jpg
182,7345,There Will Be Blood,[18],"Ruthless silver miner, turned oil prospector, Daniel Plainview, moves to oil-rich California. Using his son to project a trustworthy, family-man image, Plainview cons local landowners into selling him their valuable properties for a pittance. However, local preacher Eli Sunday suspects Plainview's motives and intentions, starting a slow-burning feud that threatens both their lives.",2007-12-28,19.713,8.1,4202,/fa0RDkAlCec0STeMNAhPaF89q6U.jpg
183,843,In the Mood for Love,"[18, 10749]",A melancholy story set in Hong Kong in 1962. A woman and a man who live in the same crowded apartment building discover that their husband and wife are having an affair.,2000-05-22,14.577,8.1,1257,/iYypPT4bhqXfq1b6EnmxvRt6b2Y.jpg
184,92060,Michael Jackson's Thriller,"[27, 10402]",A night at the movies turns into a nightmare when Michael and his date are attacked by a hoard of bloody-thirsty zombies.,1983-11-14,9.24,8.1,335,/qjWV4Aq4t0SMhuRpkJ4q3D6byXq.jpg
185,489,Good Will Hunting,[18],"Will Hunting has a genius-level IQ but chooses to work as a janitor at MIT. When he solves a difficult graduate-level math problem, his talents are discovered by Professor Gerald Lambeau, who decides to help the misguided youth reach his potential. When Will is arrested for attacking a police officer, Professor Lambeau makes a deal to get leniency for him if he will get treatment from therapist Sean Maguire.",1997-12-05,30.47,8.1,8003,/ylagLHIbG0F1blqSFqY6pa56Omr.jpg
186,12445,Harry Potter and the Deathly Hallows: Part 2,"[14, 12]","Harry, Ron and Hermione continue their quest to vanquish the evil Voldemort once and for all. Just as things begin to look hopeless for the young wizards, Harry discovers a trio of magical objects that endow him with powers to rival Voldemort's formidable skills.",2011-07-07,91.647,8.1,14783,/da22ZBmrDOXOCDRvr8Gic8ldhv4.jpg
187,149871,The Tale of the Princess Kaguya,"[16, 18, 14]","Found inside a shining stalk of bamboo by an old bamboo cutter and his wife, a tiny girl grows rapidly into an exquisite young lady. The mysterious young princess enthralls all who encounter her - but ultimately she must confront her fate, the punishment for her crime.",2013-11-23,12.113,8.1,1053,/mWRQNlWXYYfd2z4FRm99MsgHgiA.jpg
188,307,"Rome, Open City","[18, 36]","ROME, OPEN CITY is a landmark in film history. Filmed in secrecy during the Nazi occupation of Italy, the film shows a realistic portrayal of the underground resistance in Italy in 1945. The film has strong impacting imagery with its mix of fiction and reality that strengthened Italian Neo-realism and the film industry.",1945-09-27,9.449,8.1,484,/ijGV4v8JxgbNzgEhqKdzHdaZn8a.jpg
189,21634,Prayers for Bobby,"[18, 36, 10770]","Bobby Griffith was his mother's favorite son, the perfect all-American boy growing up under deeply religious influences in Walnut Creek, California. Bobby was also gay. Struggling with a conflict no one knew of, much less understood, Bobby finally came out to his family.",2009-02-27,8.564,8.1,367,/1viFwXluAettogGDsTrSUUg29lZ.jpg
190,19426,Nights of Cabiria,[18],"Rome, 1957. A woman, Cabiria, is robbed and left to drown by her boyfriend, Giorgio. Rescued, she resumes her life and tries her best to find happiness in a cynical world. Even when she thinks her struggles are over and she has found happiness and contentment, things may not be what they seem.",1957-10-03,12.693,8.1,419,/xF4oCG3PLNbcrtPZbqB3BtkIbKg.jpg
191,92321,Hotarubi no Mori e,"[10749, 16, 14]","One hot summer day a little girl gets lost in an enchanted forest of the mountain god where spirits reside. A young boy appears before her, but she cannot touch him for fear of making him disappear. And so a wondrous adventure awaits...",2011-09-17,0.6,8.1,399,/mDqzHV8UXWWNpZkoAbKmKX1ZxEE.jpg
192,68718,Django Unchained,"[18, 37]","With the help of a German bounty hunter, a freed slave sets out to rescue his wife from a brutal Mississippi plantation owner.",2012-12-25,37.52,8.1,19560,/7oWY8VDWW7thTzWh3OKYRkWUlD5.jpg
193,348,Alien,"[27, 878]","During its return to the earth, commercial spaceship Nostromo intercepts a distress signal from a distant planet. When a three-member team of the crew discovers a chamber containing thousands of eggs on the planet, a creature inside one of the eggs attacks an explorer. The entire crew is unaware of the impending nightmare set to descend upon them when the alien parasite planted inside its unfortunate host is birthed.",1979-05-25,42.23,8.1,9783,/vfrQk5IPloGg1v9Rzbh2Eg3VGyM.jpg
194,282848,Doctor Who: The Time of the Doctor,"[18, 878, 10770]","Orbiting a quiet backwater planet, the massed forces of the universe's deadliest species gather, drawn to a mysterious message that echoes out to the stars. And amongst them, the Doctor. Rescuing Clara from a family Christmas dinner, the Time Lord and his best friend must learn what this enigmatic signal means for his own fate and that of the universe.",2013-12-25,9.661,8.1,225,/7blrzLLfj34vV45HYmPccvhNSRZ.jpg
195,11645,Ran,"[28, 18, 36]","With Ran, legendary director Akira Kurosawa reimagines Shakespeare's King Lear as a singular historical epic set in sixteenth-century Japan. Majestic in scope, the film is Kurosawa's late-life masterpiece, a profound examination of the folly of war and the crumbling of one family under the weight of betrayal, greed, and the insatiable thirst for power.",1985-06-01,12.962,8.1,874,/jK7aLEh1StwcLBK22NCHuDmCq90.jpg
196,147,The 400 Blows,[18],"For young Parisian boy Antoine Doinel, life is one difficult situation after another. Surrounded by inconsiderate adults, including his neglectful parents, Antoine spends his days with his best friend, Rene, trying to plan for a better life. When one of their schemes goes awry, Antoine ends up in trouble with the law, leading to even more conflicts with unsympathetic authority figures.",1959-06-03,12.365,8.1,1242,/12PuU23kkDLvTd0nb8hMlE3oShB.jpg
197,8392,My Neighbor Totoro,"[14, 16, 10751]","Two sisters move to the country with their father in order to be closer to their hospitalized mother, and discover the surrounding trees are inhabited by Totoros, magical spirits of the forest. When the youngest runs away from home, the older sister seeks help from the spirits to find her.",1988-04-16,46.63,8.1,5004,/rtGDOeG9LzoerkDGZF9dnVeLppL.jpg
198,1955,The Elephant Man,"[18, 36]","A Victorian surgeon rescues a heavily disfigured man being mistreated by his ""owner"" as a side-show freak. Behind his monstrous façade, there is revealed a person of great intelligence and sensitivity. Based on the true story of Joseph Merrick (called John Merrick in the film), a severely deformed man in 19th century London.",1980-10-02,20.875,8.1,2119,/rk2lKgEtjF9HO9N2UFMRc2cMGdj.jpg
199,37165,The Truman Show,"[35, 18]","Truman Burbank is the star of The Truman Show, a 24-hour-a-day reality TV show that broadcasts every aspect of his life without his knowledge. His entire life has been an unending soap opera for consumption by the rest of the world. And everyone he knows, including his wife and his best friend is really an actor, paid to be part of his life.",1998-06-04,25.06,8.1,12366,/jW8w2QZnCSRblYWPc5FKAkS1cal.jpg
